Workbook

Sheet Tracker
A1: Item | B1: Team | C1: Owner | D1: Type | E1: Due Date | F1: Stage | G1: Date Entered Stage | H1: Days in Stage | I1: Next Step | J1: Expedited | K1: Expedited Start | L1: Expedited Deadline | M1: Attachments Included | N1: Reference # | O1: Link | P1: Notes
H2: =IF(G2="","",IF(G2>TODAY(),"Upcoming",TODAY()-G2)) | I2: =IF(F2="","",IF(F2="Unknown","Confirm where it stands",IF(AND(OR(J2=TRUE,J2="Yes"),IFERROR(VALUE(MID(F2,FIND("(",F2)+1,FIND(")",F2,FIND("(",F2))-FIND("(",F2)-1))>=2,FALSE)),"Expedited path: send to final approval",IFERROR(CHOOSE(VALUE(MID(F2,FIND("(",F2)+1,FIND(")",F2,FIND("(",F2))-FIND("(",F2)-1)),"Send to initial review","Send to editorial review","Second review","Leadership sign-off","Communications review","Editorial final proof","Senior leadership","Major edits: approval loop. Else legal if needed","Final approval","Publish","Done"),"")))) | L2: =IF(AND(OR(J2=TRUE,J2="Yes"),ISNUMBER(K2)),K2+30,"")
H3: =IF(G3="","",IF(G3>TODAY(),"Upcoming",TODAY()-G3)) | I3: =IF(F3="","",IF(F3="Unknown","Confirm where it stands",IF(AND(OR(J3=TRUE,J3="Yes"),IFERROR(VALUE(MID(F3,FIND("(",F3)+1,FIND(")",F3,FIND("(",F3))-FIND("(",F3)-1))>=2,FALSE)),"Expedited path: send to final approval",IFERROR(CHOOSE(VALUE(MID(F3,FIND("(",F3)+1,FIND(")",F3,FIND("(",F3))-FIND("(",F3)-1)),"Send to initial review","Send to editorial review","Second review","Leadership sign-off","Communications review","Editorial final proof","Senior leadership","Major edits: approval loop. Else legal if needed","Final approval","Publish","Done"),"")))) | L3: =IF(AND(OR(J3=TRUE,J3="Yes"),ISNUMBER(K3)),K3+30,"")
H4: =IF(G4="","",IF(G4>TODAY(),"Upcoming",TODAY()-G4)) | I4: =IF(F4="","",IF(F4="Unknown","Confirm where it stands",IF(AND(OR(J4=TRUE,J4="Yes"),IFERROR(VALUE(MID(F4,FIND("(",F4)+1,FIND(")",F4,FIND("(",F4))-FIND("(",F4)-1))>=2,FALSE)),"Expedited path: send to final approval",IFERROR(CHOOSE(VALUE(MID(F4,FIND("(",F4)+1,FIND(")",F4,FIND("(",F4))-FIND("(",F4)-1)),"Send to initial review","Send to editorial review","Second review","Leadership sign-off","Communications review","Editorial final proof","Senior leadership","Major edits: approval loop. Else legal if needed","Final approval","Publish","Done"),"")))) | L4: =IF(AND(OR(J4=TRUE,J4="Yes"),ISNUMBER(K4)),K4+30,"")
H5: =IF(G5="","",IF(G5>TODAY(),"Upcoming",TODAY()-G5)) | I5: =IF(F5="","",IF(F5="Unknown","Confirm where it stands",IF(AND(OR(J5=TRUE,J5="Yes"),IFERROR(VALUE(MID(F5,FIND("(",F5)+1,FIND(")",F5,FIND("(",F5))-FIND("(",F5)-1))>=2,FALSE)),"Expedited path: send to final approval",IFERROR(CHOOSE(VALUE(MID(F5,FIND("(",F5)+1,FIND(")",F5,FIND("(",F5))-FIND("(",F5)-1)),"Send to initial review","Send to editorial review","Second review","Leadership sign-off","Communications review","Editorial final proof","Senior leadership","Major edits: approval loop. Else legal if needed","Final approval","Publish","Done"),"")))) | L5: =IF(AND(OR(J5=TRUE,J5="Yes"),ISNUMBER(K5)),K5+30,"")
H6: =IF(G6="","",IF(G6>TODAY(),"Upcoming",TODAY()-G6)) | I6: =IF(F6="","",IF(F6="Unknown","Confirm where it stands",IF(AND(OR(J6=TRUE,J6="Yes"),IFERROR(VALUE(MID(F6,FIND("(",F6)+1,FIND(")",F6,FIND("(",F6))-FIND("(",F6)-1))>=2,FALSE)),"Expedited path: send to final approval",IFERROR(CHOOSE(VALUE(MID(F6,FIND("(",F6)+1,FIND(")",F6,FIND("(",F6))-FIND("(",F6)-1)),"Send to initial review","Send to editorial review","Second review","Leadership sign-off","Communications review","Editorial final proof","Senior leadership","Major edits: approval loop. Else legal if needed","Final approval","Publish","Done"),"")))) | L6: =IF(AND(OR(J6=TRUE,J6="Yes"),ISNUMBER(K6)),K6+30,"")
H7: =IF(G7="","",IF(G7>TODAY(),"Upcoming",TODAY()-G7)) | I7: =IF(F7="","",IF(F7="Unknown","Confirm where it stands",IF(AND(OR(J7=TRUE,J7="Yes"),IFERROR(VALUE(MID(F7,FIND("(",F7)+1,FIND(")",F7,FIND("(",F7))-FIND("(",F7)-1))>=2,FALSE)),"Expedited path: send to final approval",IFERROR(CHOOSE(VALUE(MID(F7,FIND("(",F7)+1,FIND(")",F7,FIND("(",F7))-FIND("(",F7)-1)),"Send to initial review","Send to editorial review","Second review","Leadership sign-off","Communications review","Editorial final proof","Senior leadership","Major edits: approval loop. Else legal if needed","Final approval","Publish","Done"),"")))) | L7: =IF(AND(OR(J7=TRUE,J7="Yes"),ISNUMBER(K7)),K7+30,"")
H8: =IF(G8="","",IF(G8>TODAY(),"Upcoming",TODAY()-G8)) | I8: =IF(F8="","",IF(F8="Unknown","Confirm where it stands",IF(AND(OR(J8=TRUE,J8="Yes"),IFERROR(VALUE(MID(F8,FIND("(",F8)+1,FIND(")",F8,FIND("(",F8))-FIND("(",F8)-1))>=2,FALSE)),"Expedited path: send to final approval",IFERROR(CHOOSE(VALUE(MID(F8,FIND("(",F8)+1,FIND(")",F8,FIND("(",F8))-FIND("(",F8)-1)),"Send to initial review","Send to editorial review","Second review","Leadership sign-off","Communications review","Editorial final proof","Senior leadership","Major edits: approval loop. Else legal if needed","Final approval","Publish","Done"),"")))) | L8: =IF(AND(OR(J8=TRUE,J8="Yes"),ISNUMBER(K8)),K8+30,"")
H9: =IF(G9="","",IF(G9>TODAY(),"Upcoming",TODAY()-G9)) | I9: =IF(F9="","",IF(F9="Unknown","Confirm where it stands",IF(AND(OR(J9=TRUE,J9="Yes"),IFERROR(VALUE(MID(F9,FIND("(",F9)+1,FIND(")",F9,FIND("(",F9))-FIND("(",F9)-1))>=2,FALSE)),"Expedited path: send to final approval",IFERROR(CHOOSE(VALUE(MID(F9,FIND("(",F9)+1,FIND(")",F9,FIND("(",F9))-FIND("(",F9)-1)),"Send to initial review","Send to editorial review","Second review","Leadership sign-off","Communications review","Editorial final proof","Senior leadership","Major edits: approval loop. Else legal if needed","Final approval","Publish","Done"),"")))) | L9: =IF(AND(OR(J9=TRUE,J9="Yes"),ISNUMBER(K9)),K9+30,"")
H10: =IF(G10="","",IF(G10>TODAY(),"Upcoming",TODAY()-G10)) | I10: =IF(F10="","",IF(F10="Unknown","Confirm where it stands",IF(AND(OR(J10=TRUE,J10="Yes"),IFERROR(VALUE(MID(F10,FIND("(",F10)+1,FIND(")",F10,FIND("(",F10))-FIND("(",F10)-1))>=2,FALSE)),"Expedited path: send to final approval",IFERROR(CHOOSE(VALUE(MID(F10,FIND("(",F10)+1,FIND(")",F10,FIND("(",F10))-FIND("(",F10)-1)),"Send to initial review","Send to editorial review","Second review","Leadership sign-off","Communications review","Editorial final proof","Senior leadership","Major edits: approval loop. Else legal if needed","Final approval","Publish","Done"),"")))) | L10: =IF(AND(OR(J10=TRUE,J10="Yes"),ISNUMBER(K10)),K10+30,"")
H11: =IF(G11="","",IF(G11>TODAY(),"Upcoming",TODAY()-G11)) | I11: =IF(F11="","",IF(F11="Unknown","Confirm where it stands",IF(AND(OR(J11=TRUE,J11="Yes"),IFERROR(VALUE(MID(F11,FIND("(",F11)+1,FIND(")",F11,FIND("(",F11))-FIND("(",F11)-1))>=2,FALSE)),"Expedited path: send to final approval",IFERROR(CHOOSE(VALUE(MID(F11,FIND("(",F11)+1,FIND(")",F11,FIND("(",F11))-FIND("(",F11)-1)),"Send to initial review","Send to editorial review","Second review","Leadership sign-off","Communications review","Editorial final proof","Senior leadership","Major edits: approval loop. Else legal if needed","Final approval","Publish","Done"),"")))) | L11: =IF(AND(OR(J11=TRUE,J11="Yes"),ISNUMBER(K11)),K11+30,"")
H12: =IF(G12="","",IF(G12>TODAY(),"Upcoming",TODAY()-G12)) | I12: =IF(F12="","",IF(F12="Unknown","Confirm where it stands",IF(AND(OR(J12=TRUE,J12="Yes"),IFERROR(VALUE(MID(F12,FIND("(",F12)+1,FIND(")",F12,FIND("(",F12))-FIND("(",F12)-1))>=2,FALSE)),"Expedited path: send to final approval",IFERROR(CHOOSE(VALUE(MID(F12,FIND("(",F12)+1,FIND(")",F12,FIND("(",F12))-FIND("(",F12)-1)),"Send to initial review","Send to editorial review","Second review","Leadership sign-off","Communications review","Editorial final proof","Senior leadership","Major edits: approval loop. Else legal if needed","Final approval","Publish","Done"),"")))) | L12: =IF(AND(OR(J12=TRUE,J12="Yes"),ISNUMBER(K12)),K12+30,"")
H13: =IF(G13="","",IF(G13>TODAY(),"Upcoming",TODAY()-G13)) | I13: =IF(F13="","",IF(F13="Unknown","Confirm where it stands",IF(AND(OR(J13=TRUE,J13="Yes"),IFERROR(VALUE(MID(F13,FIND("(",F13)+1,FIND(")",F13,FIND("(",F13))-FIND("(",F13)-1))>=2,FALSE)),"Expedited path: send to final approval",IFERROR(CHOOSE(VALUE(MID(F13,FIND("(",F13)+1,FIND(")",F13,FIND("(",F13))-FIND("(",F13)-1)),"Send to initial review","Send to editorial review","Second review","Leadership sign-off","Communications review","Editorial final proof","Senior leadership","Major edits: approval loop. Else legal if needed","Final approval","Publish","Done"),"")))) | L13: =IF(AND(OR(J13=TRUE,J13="Yes"),ISNUMBER(K13)),K13+30,"")
... H200: =IF(G200="","",IF(G200>TODAY(),"Upcoming",TODAY()-G200)) | I200: =IF(F200="","",IF(F200="Unknown","Confirm where it stands",IF(AND(OR(J200=TRUE,J200="Yes"),IFERROR(VALUE(MID(F200,FIND("(",F200)+1,FIND(")",F200,FIND("(",F200))-FIND("(",F200)-1))>=2,FALSE)),"Expedited path: send to final approval",IFERROR(CHOOSE(VALUE(MID(F200,FIND("(",F200)+1,FIND(")",F200,FIND("(",F200))-FIND("(",F200)-1)),"Send to initial review","Send to editorial review","Second review","Leadership sign-off","Communications review","Editorial final proof","Senior leadership","Major edits: approval loop. Else legal if needed","Final approval","Publish","Done"),"")))) | L200: =IF(AND(OR(J200=TRUE,J200="Yes"),ISNUMBER(K200)),K200+30,"")

Sheet Summary
A1: At a glance
A2: Active items | B2: =COUNTA(Tracker!A2:A200)-COUNTIF(Tracker!F2:F200,"*(11)*")
A3: Overdue | B3: =SUMPRODUCT(ISNUMBER(Tracker!E2:E200)*(Tracker!E2:E200<TODAY())*ISERROR(SEARCH("(11)",Tracker!F2:F200)))
A4: Due in next 7 days | B4: =COUNTIFS(Tracker!E2:E200,">="&TODAY(),Tracker!E2:E200,"<="&TODAY()+7)
A5: Stalled at sign-off stages 5, 8 or 10 (over 2 days) | B5: =COUNTIFS(Tracker!F2:F200,"*(5)*",Tracker!H2:H200,">2")+COUNTIFS(Tracker!F2:F200,"*(8)*",Tracker!H2:H200,">2")+COUNTIFS(Tracker!F2:F200,"*(10)*",Tracker!H2:H200,">2")
A6: Expedited deadlines within 7 days | B6: =COUNTIFS(Tracker!L2:L200,"<="&TODAY()+7,Tracker!L2:L200,">0")
A8: Items by stage
A9: Draft (1) | B9: =COUNTIF(Tracker!F2:F200,"*(1)*")
A10: Initial review (2) | B10: =COUNTIF(Tracker!F2:F200,"*(2)*")
A11: Editorial review (3) | B11: =COUNTIF(Tracker!F2:F200,"*(3)*")
A12: Second review (4) | B12: =COUNTIF(Tracker!F2:F200,"*(4)*")
A13: Leadership sign-off (5) | B13: =COUNTIF(Tracker!F2:F200,"*(5)*")
A14: Communications review (6) | B14: =COUNTIF(Tracker!F2:F200,"*(6)*")
A15: Editorial final proof (7) | B15: =COUNTIF(Tracker!F2:F200,"*(7)*")
A16: Senior leadership (8) | B16: =COUNTIF(Tracker!F2:F200,"*(8)*")
A17: Legal review (if needed) (9) | B17: =COUNTIF(Tracker!F2:F200,"*(9)*")
A18: Final approval (10) | B18: =COUNTIF(Tracker!F2:F200,"*(10)*")
A19: Publish (11) | B19: =COUNTIF(Tracker!F2:F200,"*(11)*")
A22: Overdue items
A23: {=IFERROR(_xlfn.TEXTJOIN(", ",TRUE,IF(ISNUMBER(Tracker!E2:E200)*(Tracker!E2:E200<TODAY())*ISERROR(SEARCH("(11)",Tracker!F2:F200)),Tracker!A2:A200,"")),"")}
A29: Due in next 7 days
A30: {=IFERROR(_xlfn.TEXTJOIN(", ",TRUE,IF(ISNUMBER(Tracker!E2:E200)*(Tracker!E2:E200>=TODAY())*(Tracker!E2:E200<=TODAY()+7),Tracker!A2:A200,"")),"")}

Sheet Lists
A1: Unknown
A2: Draft (1)
A3: Initial review (2)
A4: Editorial review (3)
A5: Second review (4)
A6: Leadership sign-off (5)
A7: Communications review (6)
A8: Editorial final proof (7)
A9: Senior leadership (8)
A10: Legal review (if needed) (9)
A11: Final approval (10)
A12: Publish (11)

Sheet Sign-off Log
A1: Sign-off Log
A2: Last Updated: | B2: =NOW()
A3: Step | B3: Reviewer (name) | C3: Date (MM/DD/YYYY)
A4: Step 1: Draft
A5: Step 2: Initial review
A6: Step 3: Editorial review
A7: Step 4: Second review
A8: Step 5: Leadership sign-off
A9: Step 6: Communications review
A10: Step 7: Editorial final proof
A11: Step 8: Senior leadership
A12: Step 9: Legal review (if needed)
A13: Step 10: Final approval
A14: Step 11: Publish
